{
    "samples": 57,
    "accuracy_Hit@1": 0.3508999999999999896971303314785473048686981201171875,
    "MRR": 0.4778000000000000024868995751603506505489349365234375,
    "avg_latency_ms": 0.81999999999999995115018691649311222136020660400390625,
    "p95_latency_ms": 0.68000000000000004884981308350688777863979339599609375,
    "combined_score": 0.54549999999999998490096686509787105023860931396484375,
    "alpha_accuracy_weight": 0.6999999999999999555910790149937383830547332763671875,
    "max_acceptable_latency_ms": 2000
}